10000002	Ice	神里綾華	Kamisato Ayaka	UI_AvatarIcon_Side_Ayaka
10000003	Wind	ジン	Jean	UI_AvatarIcon_Side_Qin
10000005	Wind	旅人	Traveler	UI_AvatarIcon_Side_PlayerBoy
10000006	Electric	リサ	Lisa	UI_AvatarIcon_Side_Lisa
10000007	Wind	旅人	Traveler	UI_AvatarIcon_Side_PlayerGirl
10000014	Water	バーバラ	Barbara	UI_AvatarIcon_Side_Barbara
10000015	Ice	ガイア	Kaeya	UI_AvatarIcon_Side_Kaeya
10000016	Fire	ディルック	Diluc	UI_AvatarIcon_Side_Diluc
10000020	Electric	レザー	Razor	UI_AvatarIcon_Side_Razor
10000021	Fire	アンバー	Amber	UI_AvatarIcon_Side_Ambor
10000022	Wind	ウェンティ	Venti	UI_AvatarIcon_Side_Venti
10000023	Fire	香菱	Xiangling	UI_AvatarIcon_Side_Xiangling
10000024	Electric	北斗	Beidou	UI_AvatarIcon_Side_Beidou
10000025	Water	行秋	Xingqiu	UI_AvatarIcon_Side_Xingqiu
10000026	Wind	魈	Xiao	UI_AvatarIcon_Side_Xiao
10000027	Rock	凝光	Ningguang	UI_AvatarIcon_Side_Ningguang
10000029	Fire	クレー	Klee	UI_AvatarIcon_Side_Klee
10000030	Rock	鍾離	Zhongli	UI_AvatarIcon_Side_Zhongli
10000031	Electric	フィッシュル	Fischl	UI_AvatarIcon_Side_Fischl
10000032	Fire	ベネット	Bennett	UI_AvatarIcon_Side_Bennett
10000033	Water	タルタリヤ	Tartaglia	UI_AvatarIcon_Side_Tartaglia
10000034	Rock	ノエル	Noelle	UI_AvatarIcon_Side_Noel
10000035	Ice	七七	Qiqi	UI_AvatarIcon_Side_Qiqi
10000036	Ice	重雲	Chongyun	UI_AvatarIcon_Side_Chongyun
10000037	Ice	甘雨	Ganyu	UI_AvatarIcon_Side_Ganyu
10000038	Rock	アルベド	Albedo	UI_AvatarIcon_Side_Albedo
10000039	Ice	ディオナ	Diona	UI_AvatarIcon_Side_Diona
10000041	Water	モナ	Mona	UI_AvatarIcon_Side_Mona
10000042	Electric	刻晴	Keqing	UI_AvatarIcon_Side_Keqing
10000043	Wind	スクロース	Sucrose	UI_AvatarIcon_Side_Sucrose
10000044	Fire	辛炎	Xinyan	UI_AvatarIcon_Side_Xinyan
10000045	Ice	ロサリア	Rosaria	UI_AvatarIcon_Side_Rosaria
10000046	Fire	胡桃	Hu Tao	UI_AvatarIcon_Side_Hutao
10000047	Wind	楓原万葉	Kaedehara Kazuha	UI_AvatarIcon_Side_Kazuha
10000048	Fire	煙緋	Yanfei	UI_AvatarIcon_Side_Feiyan
10000049	Fire	宵宮	Yoimiya	UI_AvatarIcon_Side_Yoimiya
10000050	Fire	トーマ	Thoma	UI_AvatarIcon_Side_Tohma
10000051	Ice	エウルア	Eula	UI_AvatarIcon_Side_Eula
10000052	Electric	雷電将軍	Raiden Shogun	UI_AvatarIcon_Side_Shougun
10000053	Wind	早柚	Sayu	UI_AvatarIcon_Side_Sayu
10000054	Water	珊瑚宮心海	Sangonomiya Kokomi	UI_AvatarIcon_Side_Kokomi
10000055	Rock	ゴロー	Gorou	UI_AvatarIcon_Side_Gorou
10000056	Electric	九条裟羅	Kujou Sara	UI_AvatarIcon_Side_Sara
10000057	Rock	荒瀧一斗	Arataki Itto	UI_AvatarIcon_Side_Itto
10000058	Electric	八重神子	Yae Miko	UI_AvatarIcon_Side_Yae
10000059	Wind	鹿野院平蔵	Shikanoin Heizou	UI_AvatarIcon_Side_Heizo
10000060	Water	夜蘭	Yelan	UI_AvatarIcon_Side_Yelan
10000061	Grass	綺良々	Kirara	UI_AvatarIcon_Side_Momoka
10000062	Ice	アーロイ	Aloy	UI_AvatarIcon_Side_Aloy
10000063	Ice	申鶴	Shenhe	UI_AvatarIcon_Side_Shenhe
10000064	Rock	雲菫	Yun Jin	UI_AvatarIcon_Side_Yunjin
10000065	Electric	久岐忍	Kuki Shinobu	UI_AvatarIcon_Side_Shinobu
10000066	Water	神里綾人	Kamisato Ayato	UI_AvatarIcon_Side_Ayato
10000067	Grass	コレイ	Collei	UI_AvatarIcon_Side_Collei
10000068	Electric	ドリー	Dori	UI_AvatarIcon_Side_Dori
10000069	Grass	ティナリ	Tighnari	UI_AvatarIcon_Side_Tighnari
10000070	Water	ニィロウ	Nilou	UI_AvatarIcon_Side_Nilou
10000071	Electric	セノ	Cyno	UI_AvatarIcon_Side_Cyno
10000072	Water	キャンディス	Candace	UI_AvatarIcon_Side_Candace
10000073	Grass	ナヒーダ	Nahida	UI_AvatarIcon_Side_Nahida
10000074	Ice	レイラ	Layla	UI_AvatarIcon_Side_Layla
10000075	Wind	放浪者	Wanderer	UI_AvatarIcon_Side_Wanderer
10000076	Wind	ファルザン	Faruzan	UI_AvatarIcon_Side_Faruzan
10000077	Grass	ヨォーヨ	Yaoyao	UI_AvatarIcon_Side_Yaoyao
10000078	Grass	アルハイゼン	Alhaitham	UI_AvatarIcon_Side_Alhatham
10000079	Fire	ディシア	Dehya	UI_AvatarIcon_Side_Dehya
10000080	Ice	ミカ	Mika	UI_AvatarIcon_Side_Mika
10000081	Grass	カーヴェ	Kaveh	UI_AvatarIcon_Side_Kaveh
10000082	Grass	白朮	Baizhu	UI_AvatarIcon_Side_Baizhuer
10000083	Wind	リネット	Lynette	UI_AvatarIcon_Side_Linette
10000084	Fire	リネ	Lyney	UI_AvatarIcon_Side_Liney
10000085	Ice	フレミネ	Freminet	UI_AvatarIcon_Side_Freminet
10000086	Ice	リオセスリ	Wriothesley	UI_AvatarIcon_Side_Wriothesley
10000087	Water	ヌヴィレット	Neuvillette	UI_AvatarIcon_Side_Neuvillette
10000088	Ice	シャルロット	Charlotte	UI_AvatarIcon_Side_Charlotte
10000089	Water	フリーナ	Furina	UI_AvatarIcon_Side_Furina
10000090	Fire	シュヴルーズ	Chevreuse	UI_AvatarIcon_Side_Chevreuse
10000091	Rock	ナヴィア	Navia	UI_AvatarIcon_Side_Navia
10000092	Fire	嘉明	Gaming	UI_AvatarIcon_Side_Gaming
10000093	Wind	閑雲	Xianyun	UI_AvatarIcon_Side_Liuyun
10000094	Rock	千織	Chiori	UI_AvatarIcon_Side_Chiori
10000095	Water	シグウィン	Sigewinne	UI_AvatarIcon_Side_Sigewinne
10000096	Fire	アルレッキーノ	Arlecchino	UI_AvatarIcon_Side_Arlecchino
10000097	Electric	セトス	Sethos	UI_AvatarIcon_Side_Sethos
10000098	Electric	クロリンデ	Clorinde	UI_AvatarIcon_Side_Clorinde
10000099	Grass	エミリエ	Emilie	UI_AvatarIcon_Side_Emilie
10000100	Rock	カチーナ	Kachina	UI_AvatarIcon_Side_Kachina
10000101	Grass	キィニチ	Kinich	UI_AvatarIcon_Side_Kinich
10000102	Water	ムアラニ	Mualani	UI_AvatarIcon_Side_Mualani
10000103	Rock	シロネン	Xilonen	UI_AvatarIcon_Side_Xilonen
10000104	Wind	チャスカ	Chasca	UI_AvatarIcon_Side_Chasca
10000105	Electric	オロルン	Ororon	UI_AvatarIcon_Side_Olorun
10000106	Fire	マーヴィカ	Mavuika	UI_AvatarIcon_Side_Mavuika
10000107	Ice	シトラリ	Citlali	UI_AvatarIcon_Side_Citlali
10000108	Wind	藍硯	Lan Yan	UI_AvatarIcon_Side_Lanyan
10000109	Wind	夢見月瑞希	Yumemizuki Mizuki	UI_AvatarIcon_Side_Mizuki
10000110	Electric	イアンサ	Iansan	UI_AvatarIcon_Side_Iansan
10000111	Electric	ヴァレサ	Varesa	UI_AvatarIcon_Side_Varesa
10000112	Ice	エスコフィエ	Escoffier	UI_AvatarIcon_Side_Escoffier
10000113	Wind	イファ	Ifa	UI_AvatarIcon_Side_Ifa
10000114	Ice	スカーク	Skirk	UI_AvatarIcon_Side_SkirkNew
10000115	Water	ダリア	Dahlia	UI_AvatarIcon_Side_Dahlia
10000116	Electric	イネファ	Ineffa	UI_AvatarIcon_Side_Ineffa
10000117	None	?	?	
10000118	None	?	?	
10000119	Grass	ラウマ	Lauma	UI_AvatarIcon_Side_Lauma
10000120	Electric	フリンズ	Flins	UI_AvatarIcon_Side_Flins
10000121	Water	アイノ	Aino	UI_AvatarIcon_Side_Aino
10000122	Grass	ネフェル	Nefer	UI_AvatarIcon_Side_Nefer
10000123	Fire	ドゥリン	Durin	UI_AvatarIcon_Side_Durin
10000124	Wind	ヤフォダ	Jahoda	UI_AvatarIcon_Side_Jahoda
10000125	Water	コロンビーナ	Columbina	UI_AvatarIcon_Side_Columbina
10000126	Rock	兹白	Zibai	UI_AvatarIcon_Side_Zibai
10000127	Rock	イルーガ	Illuga	UI_AvatarIcon_Side_Illuga
10000128	Wind	ファルカ	Varka	UI_AvatarIcon_Side_Varka
10000129	Ice	ローエン	Lohen	UI_AvatarIcon_Side_Lohen
10000130	Rock	リンネア	Linnea	UI_AvatarIcon_Side_Linnea
10000131	Fire	ニコ	Nicole	UI_AvatarIcon_Side_Nicole
10000132	Wind	プルーネ	Prune	UI_AvatarIcon_Side_Prune
10000133	Ice	サンドローネ	Sandrone	UI_AvatarIcon_Side_MarionetteNew
10000148	Electric	アリョーシャ	Alyosha	UI_AvatarIcon_Side_Alyosha
10000150	Ice	オデット	Odette	UI_AvatarIcon_Side_Odette
10000901	Fire	マーヴィカ（お試し）	Mavuika (Trial)	UI_AvatarIcon_Side_Mavuika
10000902	Fire	胡桃（お試し）	Hu Tao (Trial)	UI_AvatarIcon_Side_Hutao
10000903	Electric	イネファ	Ineffa	UI_AvatarIcon_Side_Ineffa
10000904	Fire	コロンビーナ	Columbina	UI_AvatarIcon_Side_Columbina
10000998	None	?	?	
10000999	None	?	?	
11000046	Ice	炎神	Pyro Archon (Test)	UI_AvatarIcon_Side_Qin
11000998	None	?	?	
11000999	None	?	?	
10000005-502	Fire	旅人	Traveler	UI_AvatarIcon_Side_PlayerBoy
10000005-503	Water	旅人	Traveler	UI_AvatarIcon_Side_PlayerBoy
10000005-504	Wind	旅人	Traveler	UI_AvatarIcon_Side_PlayerBoy
10000005-506	Rock	旅人	Traveler	UI_AvatarIcon_Side_PlayerBoy
10000005-507	Electric	旅人	Traveler	UI_AvatarIcon_Side_PlayerBoy
10000005-508	Grass	旅人	Traveler	UI_AvatarIcon_Side_PlayerBoy
10000005-501	None	旅人	Traveler	UI_AvatarIcon_Side_PlayerBoy
10000007-701	None	旅人	Traveler	UI_AvatarIcon_Side_PlayerGirl
10000007-702	Fire	旅人	Traveler	UI_AvatarIcon_Side_PlayerGirl
10000007-703	Water	旅人	Traveler	UI_AvatarIcon_Side_PlayerGirl
10000007-704	Wind	旅人	Traveler	UI_AvatarIcon_Side_PlayerGirl
10000007-706	Rock	旅人	Traveler	UI_AvatarIcon_Side_PlayerGirl
10000007-707	Electric	旅人	Traveler	UI_AvatarIcon_Side_PlayerGirl
10000007-708	Grass	旅人	Traveler	UI_AvatarIcon_Side_PlayerGirl